movie_title,release_date,total_gross,inflation_adjusted_gross,release_year,genre_Action,genre_Adventure,genre_Black Comedy,genre_Comedy,genre_Concert/Performance,genre_Documentary,genre_Drama,genre_Horror,genre_Musical,genre_Other,genre_Romantic Comedy,genre_Thriller/Suspense,genre_Western,mpaa_rating_G,mpaa_rating_Not Rated,mpaa_rating_PG,mpaa_rating_PG-13,mpaa_rating_R
Snow White and the Seven Dwarfs,1937-12-21,184925485,5228953251,1937,0,0,0,0,0,0,0,0,1,0,0,0,0,1,0,0,0,0
Pinocchio,1940-02-09,84300000,2188229052,1940,0,1,0,0,0,0,0,0,0,0,0,0,0,1,0,0,0,0
Fantasia,1940-11-13,83320000,2187090808,1940,0,0,0,0,0,0,0,0,1,0,0,0,0,1,0,0,0,0
Song of the South,1946-11-12,65000000,1078510579,1946,0,1,0,0,0,0,0,0,0,0,0,0,0,1,0,0,0,0
Cinderella,1950-02-15,85000000,920608730,1950,0,0,0,0,0,0,1,0,0,0,0,0,0,1,0,0,0,0
"20,000 Leagues Under the Sea",1954-12-23,28200000,528279994,1954,0,1,0,0,0,0,0,0,0,0,0,0,0,0,1,0,0,0
Lady and the Tramp,1955-06-22,93600000,1236035515,1955,0,0,0,0,0,0,1,0,0,0,0,0,0,1,0,0,0,0
Sleeping Beauty,1959-01-29,9464608,21505832,1959,0,0,0,0,0,0,1,0,0,0,0,0,0,0,1,0,0,0
101 Dalmatians,1961-01-25,153000000,1362870985,1961,0,0,0,1,0,0,0,0,0,0,0,0,0,1,0,0,0,0
The Absent Minded Professor,1961-03-16,25381407,310094574,1961,0,0,0,1,0,0,0,0,0,0,0,0,0,0,1,0,0,0
Babes in Toyland,1961-12-14,10218316,124841160,1961,0,0,0,0,0,0,0,0,1,0,0,0,0,1,0,0,0,0
Bon Voyage!,1962-05-17,9230769,109581646,1962,0,0,0,1,0,0,0,0,0,0,0,0,0,0,1,0,0,0
The Sword in the Stone,1963-12-25,22182353,153870834,1963,0,1,0,0,0,0,0,0,0,0,0,0,0,0,1,0,0,0
The Jungle Book,1967-10-18,141843000,789612346,1967,0,0,0,0,0,0,0,0,1,0,0,0,0,0,1,0,0,0
Blackbeard's Ghost,1968-02-08,21540050,138612686,1968,0,0,0,1,0,0,0,0,0,0,0,0,0,0,1,0,0,0
The Aristocats,1970-04-24,55675257,255161499,1970,0,0,0,0,0,0,0,0,1,0,0,0,0,1,0,0,0,0
The Boatniks,1970-07-01,18607492,101200742,1970,0,0,0,1,0,0,0,0,0,0,0,0,0,0,1,0,0,0
Bedknobs and Broomsticks,1971-10-07,17871174,91305448,1971,0,0,0,0,0,0,0,0,1,0,0,0,0,0,1,0,0,0
The Apple Dumpling Gang,1975-07-01,31916500,131246872,1975,0,0,0,1,0,0,0,0,0,0,0,0,0,0,1,0,0,0
Freaky Friday,1977-01-21,25942000,98067733,1977,0,0,0,1,0,0,0,0,0,0,0,0,0,0,1,0,0,0
The Rescuers,1977-06-22,48775599,159743914,1977,0,1,0,0,0,0,0,0,0,0,0,0,0,0,1,0,0,0
Herbie Goes to Monte Carlo,1977-06-24,28000000,105847527,1977,0,0,0,0,0,0,0,0,0,1,0,0,0,0,1,0,0,0
The Black Hole,1979-12-21,35841901,120377374,1979,0,0,0,0,0,0,0,0,0,1,0,0,0,0,1,0,0,0
Midnight Madness,1980-02-08,2900000,9088096,1980,0,0,0,0,0,0,0,0,0,1,0,0,0,0,1,0,0,0
The Last Flight of Noah’s Ark,1980-06-25,11000000,34472116,1980,0,0,0,0,0,0,0,0,0,1,0,0,0,0,1,0,0,0
The Devil and Max Devlin,1981-01-01,16000000,48517980,1981,0,0,0,0,0,0,0,0,0,1,0,0,0,0,1,0,0,0
The Fox and the Hound,1981-07-10,43899231,133118889,1981,0,0,0,1,0,0,0,0,0,0,0,0,0,0,1,0,0,0
Night Crossing,1982-02-05,4500000,12903059,1982,0,0,0,0,0,0,1,0,0,0,0,0,0,0,1,0,0,0
Tron,1982-07-09,26918576,77184895,1982,1,0,0,0,0,0,0,0,0,0,0,0,0,0,1,0,0,0
Tex,1982-11-19,7199408,20643199,1982,0,0,0,0,0,0,1,0,0,0,0,0,0,0,1,0,0,0
Trenchcoat,1983-03-11,4304286,11519089,1983,0,0,0,1,0,0,0,0,0,0,0,0,0,0,1,0,0,0
Something Wicked This Way Comes,1983-04-29,5656087,15136765,1983,0,0,0,0,0,0,0,1,0,0,0,0,0,0,1,0,0,0
Never Cry Wolf,1983-10-07,27668764,70669955,1983,0,0,0,0,0,0,1,0,0,0,0,0,0,0,1,0,0,0
Running Brave,1983-11-04,1204595,3223725,1983,0,0,0,0,0,0,1,0,0,0,0,0,0,0,1,0,0,0
Splash,1984-03-09,62599495,157057661,1984,0,0,0,1,0,0,0,0,0,0,0,0,0,0,0,1,0,0
Country,1984-09-29,8400000,21075000,1984,0,0,0,0,0,0,1,0,0,0,0,0,0,0,1,0,0,0
Baby: Secret of the Lost Legend,1985-03-22,14276095,33900697,1985,0,1,0,0,0,0,0,0,0,0,0,0,0,0,1,0,0,0
Return to Oz,1985-06-21,10618813,25215934,1985,0,1,0,0,0,0,0,0,0,0,0,0,0,0,1,0,0,0
The Black Cauldron,1985-07-24,21288692,50553142,1985,0,1,0,0,0,0,0,0,0,0,0,0,0,0,1,0,0,0
My Science Project,1985-08-09,4100000,9736051,1985,0,0,0,1,0,0,0,0,0,0,0,0,0,0,1,0,0,0
The Journey of Natty Gann,1985-09-27,9468512,22302956,1985,0,0,0,0,0,0,1,0,0,0,0,0,0,0,1,0,0,0
One Magic Christmas,1985-11-22,13229514,31415432,1985,0,0,0,0,0,0,1,0,0,0,0,0,0,0,1,0,0,0
Down and Out in Beverly Hills,1986-01-31,62134225,141183693,1986,0,0,0,1,0,0,0,0,0,0,0,0,0,0,0,0,0,1
Off Beat,1986-04-11,4842778,11003932,1986,0,0,0,1,0,0,0,0,0,0,0,0,0,0,1,0,0,0
Ruthless People,1986-06-27,71624879,162748712,1986,0,0,0,1,0,0,0,0,0,0,0,0,0,0,0,0,0,1
The Great Mouse Detective,1986-07-02,23605534,53637367,1986,0,1,0,0,0,0,0,0,0,0,0,0,0,0,1,0,0,0
Flight of the Navigator,1986-07-30,18564613,42183197,1986,0,1,0,0,0,0,0,0,0,0,0,0,0,0,1,0,0,0
Tough Guys,1986-10-03,21458229,48758184,1986,0,0,0,1,0,0,0,0,0,0,0,0,0,0,1,0,0,0
The Color of Money,1986-10-17,52293000,117957323,1986,0,0,0,0,0,0,1,0,0,0,0,0,0,0,0,0,0,1
Outrageous Fortune,1987-01-30,52864741,113976921,1987,0,0,0,1,0,0,0,0,0,0,0,0,0,0,0,0,0,1
Tin Men,1987-03-06,25411386,54787202,1987,0,0,0,1,0,0,0,0,0,0,0,0,0,0,1,0,0,0
Ernest Goes to Camp,1987-05-22,23509382,50686462,1987,0,0,0,1,0,0,0,0,0,0,0,0,0,0,1,0,0,0
Benji the Hunted,1987-06-05,15212539,32798382,1987,0,1,0,0,0,0,0,0,0,0,0,0,0,0,1,0,0,0
Adventures in Babysitting,1987-07-03,33790923,72853569,1987,0,0,0,1,0,0,0,0,0,0,0,0,0,0,1,0,0,0
Stakeout,1987-08-05,65673233,141592160,1987,0,0,0,1,0,0,0,0,0,0,0,0,0,0,0,0,0,1
Can't Buy Me Love,1987-08-14,31623833,68181300,1987,0,0,0,0,0,0,0,0,0,0,1,0,0,0,1,0,0,0
Hello Again,1987-11-06,20419446,44024529,1987,0,0,0,1,0,0,0,0,0,0,0,0,0,0,1,0,0,0
3 Men and a Baby,1987-11-25,167780960,353334607,1987,0,0,0,1,0,0,0,0,0,0,0,0,0,0,0,1,0,0
Good Morning Vietnam,1987-12-23,123922370,254414837,1987,0,0,0,1,0,0,0,0,0,0,0,0,0,0,0,0,0,1
Shoot to Kill,1988-02-12,29300000,60097074,1988,1,0,0,0,0,0,0,0,0,0,0,0,0,0,1,0,0,0
D.O.A.,1988-03-18,12706478,26062188,1988,0,0,0,0,0,0,0,0,0,0,0,1,0,0,1,0,0,0
Return to Snowy River,1988-04-15,13687027,28073384,1988,0,1,0,0,0,0,0,0,0,0,0,0,0,0,0,1,0,0
Big Business,1988-06-10,40150487,82352451,1988,0,0,0,1,0,0,0,0,0,0,0,0,0,0,0,1,0,0
Who Framed Roger Rabbit?,1988-06-22,154112492,316250084,1988,0,0,0,1,0,0,0,0,0,0,0,0,0,0,0,1,0,0
Cocktail,1988-07-29,78222753,160442289,1988,0,0,0,0,0,0,1,0,0,0,0,0,0,0,0,0,0,1
The Rescue,1988-08-05,5855392,12009960,1988,1,0,0,0,0,0,0,0,0,0,0,0,0,0,1,0,0,0
Heartbreak Hotel,1988-09-30,5509417,11300331,1988,0,0,0,1,0,0,0,0,0,0,0,0,0,0,1,0,0,0
The Good Mother,1988-11-04,4764606,9772655,1988,0,0,0,0,0,0,1,0,0,0,0,0,0,0,1,0,0,0
Ernest Saves Christmas,1988-11-11,28202109,57845202,1988,0,0,0,1,0,0,0,0,0,0,0,0,0,0,0,1,0,0
Oliver & Company,1988-11-18,49576671,102254492,1988,0,1,0,0,0,0,0,0,0,0,0,0,0,1,0,0,0,0
Beaches,1988-12-21,57041866,120381757,1988,0,0,0,0,0,0,1,0,0,0,0,0,0,0,0,0,1,0
Three Fugitives,1989-01-27,40590000,85757817,1989,0,0,0,1,0,0,0,0,0,0,0,0,0,0,0,0,1,0
New York Stories,1989-03-01,10763469,22740861,1989,0,0,0,0,0,0,1,0,0,0,0,0,0,0,0,1,0,0
Disorganized Crime,1989-04-14,7210149,15233465,1989,0,0,0,1,0,0,0,0,0,0,0,0,0,0,1,0,0,0
Dead Poets Society,1989-06-02,95860116,202531517,1989,0,0,0,0,0,0,1,0,0,0,0,0,0,0,0,1,0,0
"Honey, I Shrunk the Kids",1989-06-23,130724172,276191669,1989,0,1,0,0,0,0,0,0,0,0,0,0,0,0,0,1,0,0
Turner & Hooch,1989-07-28,71079915,150176361,1989,0,0,0,1,0,0,0,0,0,0,0,0,0,0,0,1,0,0
Cheetah,1989-08-18,7882250,16653473,1989,0,1,0,0,0,0,0,0,0,0,0,0,0,0,1,0,0,0
An Innocent Man,1989-10-06,19397847,40983414,1989,0,0,0,0,0,0,1,0,0,0,0,0,0,0,0,0,0,1
Gross Anatomy,1989-10-20,11346186,23972012,1989,0,0,0,0,0,0,1,0,0,0,0,0,0,0,0,0,1,0
The Little Mermaid,1989-11-15,111543479,223726012,1989,0,1,0,0,0,0,0,0,0,0,0,0,0,1,0,0,0,0
Blaze,1989-12-13,19049727,39884640,1989,0,0,0,0,0,0,1,0,0,0,0,0,0,0,0,0,0,1
Stella,1990-02-02,20062347,40077147,1990,0,0,0,0,0,0,1,0,0,0,0,0,0,0,0,0,1,0
Where the Heart Is,1990-02-23,1106475,2210321,1990,0,0,0,1,0,0,0,0,0,0,0,0,0,0,1,0,0,0
Pretty Woman,1990-03-23,178406268,356389765,1990,0,0,0,0,0,0,0,0,0,0,1,0,0,0,0,0,0,1
Ernest Goes to Jail,1990-04-06,25029569,49999822,1990,0,0,0,1,0,0,0,0,0,0,0,0,0,0,0,1,0,0
Spaced Invaders,1990-04-27,15000000,29964452,1990,0,0,0,1,0,0,0,0,0,0,0,0,0,0,0,1,0,0
Fire Birds,1990-05-24,14760451,29485923,1990,1,0,0,0,0,0,0,0,0,0,0,0,0,0,0,0,1,0
Dick Tracy,1990-06-15,103738726,207231621,1990,1,0,0,0,0,0,0,0,0,0,0,0,0,0,0,1,0,0
Betsy's Wedding,1990-06-22,19740070,39433357,1990,0,0,0,1,0,0,0,0,0,0,0,0,0,0,0,0,0,1
Arachnophobia,1990-07-18,53208180,106290270,1990,0,0,0,0,0,0,0,0,0,0,0,1,0,0,0,0,1,0
DuckTales: The Movie - Treasure of th…,1990-08-03,18075331,36107823,1990,0,1,0,0,0,0,0,0,0,0,0,0,0,1,0,0,0,0
Taking Care of Business,1990-08-17,20005435,39963460,1990,0,0,0,1,0,0,0,0,0,0,0,0,0,0,0,0,0,1
Mr. Destiny,1990-10-12,15379253,30722056,1990,0,0,0,1,0,0,0,0,0,0,0,0,0,0,0,0,1,0
The Rescuers Down Under,1990-11-16,27931461,55796728,1990,0,1,0,0,0,0,0,0,0,0,0,0,0,1,0,0,0,0
3 Men and a Little Lady,1990-11-21,71609321,143108869,1990,0,0,0,1,0,0,0,0,0,0,0,0,0,0,0,1,0,0
Green Card,1990-12-25,29804169,59679131,1990,0,0,0,0,0,0,0,0,0,0,1,0,0,0,0,0,1,0
White Fang,1991-01-18,34729091,69540672,1991,0,1,0,0,0,0,0,0,0,0,0,0,0,0,0,1,0,0
Scenes from a Mall,1991-02-22,9563393,19149495,1991,0,0,0,1,0,0,0,0,0,0,0,0,0,0,1,0,0,0
Haakon Haakonsen,1991-03-01,15024232,30084149,1991,0,1,0,0,0,0,0,0,0,0,0,0,0,0,0,1,0,0
The Marrying Man,1991-04-05,12454768,24939118,1991,0,0,0,0,0,0,0,0,0,0,1,0,0,0,0,0,0,1
Oscar,1991-04-26,23562716,47181395,1991,0,0,0,1,0,0,0,0,0,0,0,0,0,0,0,1,0,0
One Good Cop,1991-05-03,11276846,22580472,1991,1,0,0,0,0,0,0,0,0,0,0,0,0,0,0,0,0,1
What About Bob?,1991-05-17,63710000,127571325,1991,0,0,0,1,0,0,0,0,0,0,0,0,0,0,0,1,0,0
Wild Hearts Can't Be Broken,1991-05-24,7300000,14617333,1991,0,0,0,0,0,0,1,0,0,0,0,0,0,0,1,0,0,0
The Rocketeer,1991-06-21,46573027,93256673,1991,1,0,0,0,0,0,0,0,0,0,0,0,0,0,0,1,0,0
The Doctor,1991-07-24,37497480,75084021,1991,0,0,0,0,0,0,1,0,0,0,0,0,0,0,0,0,1,0
Paradise,1991-09-18,18634643,37313540,1991,0,0,0,0,0,0,1,0,0,0,0,0,0,0,0,0,1,0
Deceived,1991-09-27,28738096,57544453,1991,0,0,0,0,0,0,0,0,0,0,0,1,0,0,0,0,1,0
Ernest Scared Stupid,1991-10-11,14143280,28320147,1991,0,0,0,1,0,0,0,0,0,0,0,0,0,0,0,1,0,0
Billy Bathgate,1991-11-01,15565363,31167691,1991,0,0,0,0,0,0,1,0,0,0,0,0,0,0,0,0,0,1
Beauty and the Beast,1991-11-13,218951625,363017667,1991,0,0,0,0,0,0,0,0,1,0,0,0,0,1,0,0,0,0
Father of the Bride,1991-12-20,89325780,179821881,1991,0,0,0,1,0,0,0,0,0,0,0,0,0,0,0,1,0,0
The Hand That Rocks the Cradle,1992-01-10,88036683,178831137,1992,0,0,0,0,0,0,0,0,0,0,0,1,0,0,0,0,0,1
Medicine Man,1992-02-07,44948240,91304495,1992,0,0,0,0,0,0,1,0,0,0,0,0,0,0,0,0,1,0
Blame it on the Bellboy,1992-03-06,2891055,5872667,1992,0,0,0,1,0,0,0,0,0,0,0,0,0,0,0,0,1,0
Noises Off...,1992-03-20,2280148,4631720,1992,0,0,0,1,0,0,0,0,0,0,0,0,0,0,0,0,1,0
Straight Talk,1992-04-03,21202099,43068356,1992,0,0,0,1,0,0,0,0,0,0,0,0,0,0,0,1,0,0
Newsies,1992-04-08,2706352,5497481,1992,0,0,0,0,0,0,0,0,0,1,0,0,0,0,0,1,0,0
Passed Away,1992-04-24,4030793,8187848,1992,0,0,0,0,0,0,0,0,0,1,0,0,0,0,0,0,1,0
Encino Man,1992-05-22,40057130,81369058,1992,0,0,0,1,0,0,0,0,0,0,0,0,0,0,0,1,0,0
Sister Act,1992-05-29,139605150,283583472,1992,0,0,0,1,0,0,0,0,0,0,0,0,0,0,0,1,0,0
Honey I Blew Up the Kid,1992-07-17,58662452,119162518,1992,0,0,0,1,0,0,0,0,0,0,0,0,0,0,0,1,0,0
A Stranger Among Us,1992-07-17,12282994,24950752,1992,0,0,0,0,0,0,1,0,0,0,0,0,0,0,0,0,1,0
3 Ninjas,1992-08-07,29028000,58965304,1992,1,0,0,0,0,0,0,0,0,0,0,0,0,0,0,1,0,0
A Gun in Betty Lou's Handbag,1992-08-21,3591460,7295423,1992,0,0,0,0,0,0,0,0,0,1,0,0,0,0,0,0,1,0
Captain Ron,1992-09-18,22518097,45741576,1992,0,0,0,1,0,0,0,0,0,0,0,0,0,0,0,0,1,0
Sarafina!,1992-09-18,7306242,14841352,1992,0,0,0,0,0,0,1,0,0,0,0,0,0,0,0,0,1,0
Innocent Blood,1992-09-25,4877567,9907922,1992,0,0,0,0,0,0,0,1,0,0,0,0,0,0,0,0,0,1
The Mighty Ducks,1992-10-02,50752337,103120810,1992,0,0,0,1,0,0,0,0,0,0,0,0,0,0,0,1,0,0
1492: Conquest of Paradise,1992-10-09,7099531,14421454,1992,0,1,0,0,0,0,0,0,0,0,0,0,0,0,0,0,1,0
Consenting Adults,1992-10-16,21591728,43859823,1992,0,0,0,0,0,0,1,0,0,0,0,0,0,0,0,0,0,1
Aladdin,1992-11-11,217350219,441969178,1992,0,0,0,1,0,0,0,0,0,0,0,0,0,1,0,0,0,0
The Distinguished Gentleman,1992-12-04,46434570,94349900,1992,0,0,0,1,0,0,0,0,0,0,0,0,0,0,0,0,0,1
The Muppet Christmas Carol,1992-12-11,27281507,55417615,1992,0,0,0,1,0,0,0,0,0,0,0,0,0,1,0,0,0,0
Alive,1993-01-15,36299670,73914543,1993,0,1,0,0,0,0,0,0,0,0,0,0,0,0,0,0,0,1
Aspen Extreme,1993-01-22,7843388,15970955,1993,0,0,0,0,0,0,0,0,0,0,1,0,0,0,0,0,1,0
Homeward Bound: The Incredible Journey,1993-02-03,41833324,85182343,1993,0,1,0,0,0,0,0,0,0,0,0,0,0,1,0,0,0,0
The Cemetery Club,1993-02-03,5583621,11369541,1993,0,0,0,1,0,0,0,0,0,0,0,0,0,0,0,0,1,0
Swing Kids,1993-03-05,5632086,11468231,1993,0,0,0,0,0,0,0,0,1,0,0,0,0,0,0,0,1,0
A Far Off Place,1993-03-12,12890752,26248558,1993,0,1,0,0,0,0,0,0,0,0,0,0,0,0,0,1,0,0
Born Yesterday,1993-03-26,17760754,36165012,1993,0,0,0,0,0,0,0,0,0,0,1,0,0,0,0,1,0,0
The Adventures of Huck Finn,1993-04-02,24103594,49080505,1993,0,1,0,0,0,0,0,0,0,0,0,0,0,0,0,1,0,0
Bound by Honor,1993-04-16,4496583,9156084,1993,0,0,0,0,0,0,0,0,0,1,0,0,0,0,0,0,0,1
Indian Summer,1993-04-23,14717851,29968953,1993,0,0,0,1,0,0,0,0,0,0,0,0,0,0,0,0,0,1
Super Mario Bros.,1993-05-28,20844907,42445058,1993,1,0,0,0,0,0,0,0,0,0,0,0,0,0,0,1,0,0
Guilty as Sin,1993-06-04,22622537,46064723,1993,0,0,0,0,0,0,0,0,0,0,0,1,0,0,0,0,0,1
Life With Mikey,1993-06-04,12349549,25146538,1993,0,0,0,1,0,0,0,0,0,0,0,0,0,0,0,1,0,0
What's Love Got to Do With It,1993-06-09,39100956,79618610,1993,0,0,0,0,0,0,1,0,0,0,0,0,0,0,0,0,0,1
Son in Law,1993-07-02,25989889,52921433,1993,0,0,0,1,0,0,0,0,0,0,0,0,0,0,0,0,1,0
Hocus Pocus,1993-07-16,39360491,80147079,1993,0,0,0,1,0,0,0,0,0,0,0,0,0,0,0,1,0,0
Another Stakeout,1993-07-23,20107504,40943541,1993,0,0,0,1,0,0,0,0,0,0,0,0,0,0,0,0,1,0
My Boyfriend's Back,1993-08-06,3218882,6554384,1993,0,0,0,0,0,0,0,0,0,1,0,0,0,0,0,0,1,0
Father Hood,1993-08-27,3268203,6654819,1993,0,0,0,0,0,0,0,0,0,1,0,0,0,0,0,0,1,0
The Joy Luck Club,1993-09-08,32790064,66768171,1993,0,0,0,0,0,0,1,0,0,0,0,0,0,0,0,0,0,1
Money for Nothing,1993-09-10,1044824,2127496,1993,0,0,0,1,0,0,0,0,0,0,0,0,0,0,0,0,0,1
The Program,1993-09-24,23042200,46919256,1993,1,0,0,0,0,0,0,0,0,0,0,0,0,0,0,0,0,1
Cool Runnings,1993-10-01,68856263,140392731,1993,0,0,0,1,0,0,0,0,0,0,0,0,0,0,0,1,0,0
The Nightmare Before Christmas,1993-10-13,50408318,100026637,1993,0,0,0,0,0,0,0,0,1,0,0,0,0,0,0,1,0,0
The Three Musketeers,1993-11-12,53661805,109310377,1993,0,1,0,0,0,0,0,0,0,0,0,0,0,0,0,1,0,0
Sister Act 2 Back in the Habit,1993-12-10,57319029,116965668,1993,0,0,0,1,0,0,0,0,0,0,0,0,0,0,0,1,0,0
Tombstone,1993-12-25,56505065,115781734,1993,0,0,0,0,0,0,0,0,0,0,0,0,1,0,0,0,0,1
The Air Up There,1994-01-07,20782439,42940186,1994,0,0,0,1,0,0,0,0,0,0,0,0,0,0,0,1,0,0
Cabin Boy,1994-01-07,3469493,7168577,1994,0,0,0,1,0,0,0,0,0,0,0,0,0,0,0,0,1,0
Iron Will,1994-01-14,20623071,42610902,1994,0,0,0,0,0,0,1,0,0,0,0,0,0,0,0,1,0,0
Red Rock West,1994-01-28,2502551,5170709,1994,0,0,0,0,0,0,0,0,0,1,0,0,0,0,0,0,0,1
Blank Check,1994-02-11,30573770,63170804,1994,0,0,0,1,0,0,0,0,0,0,0,0,0,0,0,1,0,0
Angie,1994-03-04,9252349,19116981,1994,0,0,0,1,0,0,0,0,0,0,0,0,0,0,0,0,0,1
The Ref,1994-03-09,11325885,23401275,1994,0,0,0,1,0,0,0,0,0,0,0,0,0,0,0,0,0,1
D2: The Mighty Ducks,1994-03-25,45604206,94226333,1994,0,0,0,1,0,0,0,0,0,0,0,0,0,0,0,1,0,0
Holy Matrimony,1994-04-08,713234,1473665,1994,0,0,0,1,0,0,0,0,0,0,0,0,0,0,1,0,0,0
White Fang 2: Myth of the White Wolf,1994-04-15,8752399,18083994,1994,0,1,0,0,0,0,0,0,0,0,0,0,0,0,0,1,0,0
The Inkwell,1994-04-22,8864699,18316030,1994,0,0,0,1,0,0,0,0,0,0,0,0,0,0,0,0,0,1
When a Man Loves a Woman,1994-04-29,50021959,103354194,1994,0,0,0,0,0,0,1,0,0,0,0,0,0,0,0,0,0,1
3 Ninjas Kick Back,1994-05-06,11744960,24267154,1994,1,0,0,0,0,0,0,0,0,0,0,0,0,0,0,1,0,0
Renaissance Man,1994-06-03,24172899,49945474,1994,0,0,0,1,0,0,0,0,0,0,0,0,0,0,0,0,1,0
The Lion King,1994-06-15,422780140,761640898,1994,0,1,0,0,0,0,0,0,0,0,0,0,0,1,0,0,0,0
I Love Trouble,1994-06-29,30806194,63651027,1994,0,0,0,0,0,0,0,0,0,0,1,0,0,0,0,1,0,0
Angels in the Outfield,1994-07-15,50236831,103798152,1994,0,0,0,1,0,0,0,0,0,0,0,0,0,0,0,1,0,0
In the Army Now,1994-08-12,28881266,59673787,1994,0,0,0,1,0,0,0,0,0,0,0,0,0,0,0,1,0,0
Color of Night,1994-08-19,19750470,40804816,1994,0,0,0,0,0,0,0,0,0,0,0,1,0,0,0,0,0,1
Camp Nowhere,1994-08-26,10442641,21576332,1994,0,0,0,1,0,0,0,0,0,0,0,0,0,0,0,1,0,0
It's Pat,1994-08-26,60822,125666,1994,0,0,0,1,0,0,0,0,0,0,0,0,0,0,1,0,0,0
A Simple Twist of Fate,1994-09-02,3404935,7035189,1994,0,0,0,0,0,0,1,0,0,0,0,0,0,0,0,0,1,0
Quiz Show,1994-09-14,24787282,50840394,1994,0,0,0,0,0,0,1,0,0,0,0,0,0,0,0,0,1,0
Terminal Velocity,1994-09-23,16478900,34048315,1994,1,0,0,0,0,0,0,0,0,0,0,0,0,0,0,0,1,0
Ed Wood,1994-09-30,5828466,12042634,1994,0,0,0,1,0,0,0,0,0,0,0,0,0,0,0,0,0,1
The Puppet Masters,1994-10-21,8579626,17727017,1994,0,0,0,0,0,0,0,1,0,0,0,0,0,0,0,0,0,1
Squanto: A Warrior's Tale,1994-10-28,3319344,6858345,1994,0,0,0,0,0,0,1,0,0,0,0,0,0,0,0,1,0,0
The Santa Clause,1994-11-11,144833357,298369717,1994,0,0,0,1,0,0,0,0,0,0,0,0,0,0,0,1,0,0
A Low Down Dirty Shame,1994-11-23,29317886,60321919,1994,1,0,0,0,0,0,0,0,0,0,0,0,0,0,0,0,0,1
The Jungle Book,1994-12-25,44342956,88930321,1994,0,1,0,0,0,0,0,0,0,0,0,0,0,0,0,1,0,0
Houseguest,1995-01-06,26325256,51016522,1995,0,0,0,1,0,0,0,0,0,0,0,0,0,0,0,1,0,0
Bad Company,1995-01-20,3523909,6829092,1995,0,0,0,0,0,0,0,0,0,0,0,1,0,0,0,0,0,1
Miami Rhapsody,1995-01-27,5086578,9857435,1995,0,0,0,0,0,0,0,0,0,0,1,0,0,0,0,0,1,0
The Jerky Boys,1995-02-03,7555256,14641561,1995,0,0,0,1,0,0,0,0,0,0,0,0,0,0,0,0,0,1
Heavy Weights,1995-02-17,17671310,34245779,1995,0,0,0,1,0,0,0,0,0,0,0,0,0,0,0,1,0,0
Man of the House,1995-03-03,40029009,77573459,1995,0,0,0,1,0,0,0,0,0,0,0,0,0,0,0,1,0,0
Roommates,1995-03-03,12076989,23404369,1995,0,0,0,1,0,0,0,0,0,0,0,0,0,0,0,1,0,0
Tall Tale,1995-03-24,8247627,15983331,1995,0,0,0,0,0,0,0,0,0,0,0,0,1,0,0,1,0,0
A Pyromaniac's Love Story,1995-03-28,468240,907414,1995,0,0,0,0,0,0,0,0,0,0,1,0,0,0,0,1,0,0
Jefferson in Paris,1995-03-31,2461628,4770461,1995,0,0,0,0,0,0,1,0,0,0,0,0,0,0,0,0,1,0
Funny Bones,1995-03-31,529135,1025425,1995,0,0,0,1,0,0,0,0,0,0,0,0,0,0,0,0,0,1
A Goofy Movie,1995-04-07,35336439,68479579,1995,0,0,0,1,0,0,0,0,0,0,0,0,0,1,0,0,0,0
While You Were Sleeping,1995-04-21,81057016,157082900,1995,0,0,0,0,0,0,0,0,0,0,1,0,0,0,0,1,0,0
Crimson Tide,1995-05-12,91387195,177102077,1995,1,0,0,0,0,0,0,0,0,0,0,0,0,0,0,0,0,1
Mad Love,1995-05-26,15446532,29934306,1995,0,0,0,0,0,0,1,0,0,0,0,0,0,0,0,0,1,0
Pocahontas,1995-06-10,141579773,274370957,1995,0,1,0,0,0,0,0,0,0,0,0,0,0,1,0,0,0,0
Judge Dredd,1995-06-30,34687912,67222776,1995,1,0,0,0,0,0,0,0,0,0,0,0,0,0,0,0,0,1
Operation Dumbo Drop,1995-07-28,24670346,47809421,1995,0,1,0,0,0,0,0,0,0,0,0,0,0,0,0,1,0,0
Dangerous Minds,1995-08-11,84919401,164552293,1995,0,0,0,0,0,0,1,0,0,0,0,0,0,0,0,0,0,1
A Kid in King Arthur's Court,1995-08-11,13406717,25981285,1995,0,1,0,0,0,0,0,0,0,0,0,0,0,0,0,1,0,0
The Tie That Binds,1995-09-08,5762795,11167895,1995,0,0,0,0,0,0,0,0,0,0,0,1,0,0,0,0,0,1
Unstrung Heroes,1995-09-15,7929000,15365850,1995,0,0,0,0,0,0,1,0,0,0,0,0,0,0,0,1,0,0
The Big Green,1995-09-29,17736619,34372339,1995,0,0,0,1,0,0,0,0,0,0,0,0,0,0,0,1,0,0
Dead Presidents,1995-10-04,24120194,46741467,1995,0,0,0,0,0,0,1,0,0,0,0,0,0,0,0,0,0,1
The Scarlet Letter,1995-10-13,10359006,20075033,1995,0,0,0,0,0,0,1,0,0,0,0,0,0,0,0,0,0,1
Feast of July,1995-10-13,293274,568342,1995,0,0,0,0,0,0,1,0,0,0,0,0,0,0,0,0,0,1
Powder,1995-10-27,30833914,59727216,1995,0,0,0,0,0,0,1,0,0,0,0,0,0,0,0,0,1,0
Toy Story,1995-11-22,191796233,370409631,1995,0,1,0,0,0,0,0,0,0,0,0,0,0,1,0,0,0,0
Father of the Bride Part II,1995-12-08,76578911,147658438,1995,0,0,0,1,0,0,0,0,0,0,0,0,0,0,0,1,0,0
Nixon,1995-12-20,13668249,26302005,1995,0,0,0,0,0,0,1,0,0,0,0,0,0,0,0,0,0,1
Tom and Huck,1995-12-22,23837227,45911517,1995,0,1,0,0,0,0,0,0,0,0,0,0,0,0,0,1,0,0
Mr. Holland's Opus,1995-12-29,82582604,157508868,1995,0,0,0,0,0,0,1,0,0,0,0,0,0,0,0,1,0,0
White Squall,1996-02-02,10229300,19509726,1996,0,1,0,0,0,0,0,0,0,0,0,0,0,0,0,0,1,0
Muppet Treasure Island,1996-02-16,34327391,65470567,1996,0,1,0,0,0,0,0,0,0,0,0,0,0,1,0,0,0,0
Mr. Wrong,1996-02-16,12805071,24422334,1996,0,0,0,0,0,0,0,0,0,0,1,0,0,0,0,0,1,0
Before and After,1996-02-23,8642118,16482589,1996,0,0,0,0,0,0,1,0,0,0,0,0,0,0,0,0,1,0
Up Close & Personal,1996-03-01,51045801,97356578,1996,0,0,0,0,0,0,1,0,0,0,0,0,0,0,0,0,1,0
Homeward Bound II: Lost in San Franc…,1996-03-08,32709423,62384706,1996,0,1,0,0,0,0,0,0,0,0,0,0,0,1,0,0,0,0
Two Much,1996-03-15,1078555,2057055,1996,0,0,0,0,0,0,0,0,0,0,1,0,0,0,0,0,1,0
Un indien dans la ville,1996-03-22,1029731,1963937,1996,0,0,0,1,0,0,0,0,0,0,0,0,0,0,0,1,0,0
James and the Giant Peach,1996-04-12,28921264,55159783,1996,0,1,0,0,0,0,0,0,0,0,0,0,0,0,0,1,0,0
Celtic Pride,1996-04-19,9240378,17623615,1996,0,0,0,1,0,0,0,0,0,0,0,0,0,0,0,0,1,0
Last Dance,1996-05-03,5857534,11171714,1996,0,0,0,0,0,0,1,0,0,0,0,0,0,0,0,0,0,1
Boys,1996-05-10,21930418,41826566,1996,0,0,0,0,0,0,1,0,0,0,0,0,0,0,0,0,1,0
Spy Hard,1996-05-24,26936265,51373912,1996,0,0,0,1,0,0,0,0,0,0,0,0,0,0,0,0,1,0
Eddie,1996-05-31,31369401,59828966,1996,0,0,0,1,0,0,0,0,0,0,0,0,0,0,0,0,1,0
The Rock,1996-06-07,134069511,255702705,1996,1,0,0,0,0,0,0,0,0,0,0,0,0,0,0,0,0,1
The Hunchback of Notre Dame,1996-06-21,100138851,190988799,1996,0,1,0,0,0,0,0,0,0,0,0,0,0,1,0,0,0,0
Phenomenon,1996-07-05,104636382,199559799,1996,0,0,0,0,0,0,1,0,0,0,0,0,0,0,0,1,0,0
Kazaam,1996-07-17,18880508,36009655,1996,0,0,0,1,0,0,0,0,0,0,0,0,0,0,0,1,0,0
Jack,1996-08-09,58617334,111792852,1996,0,0,0,0,0,0,1,0,0,0,0,0,0,0,0,0,1,0
First Kid,1996-08-30,26465920,50465108,1996,0,0,0,1,0,0,0,0,0,0,0,0,0,0,0,1,0,0
The Rich Man's Wife,1996-09-13,8538318,16284619,1996,0,0,0,0,0,0,0,0,0,0,0,1,0,0,0,0,0,1
D3: The Mighty Ducks,1996-10-04,22936273,43713554,1996,0,0,0,1,0,0,0,0,0,0,0,0,0,0,0,1,0,0
The Associate,1996-10-25,12772657,24333094,1996,0,0,0,1,0,0,0,0,0,0,0,0,0,0,0,0,1,0
Ransom,1996-11-08,136492681,259807820,1996,1,0,0,0,0,0,0,0,0,0,0,0,0,0,0,0,0,1
The War at Home,1996-11-20,34368,65543,1996,0,0,0,0,0,0,0,0,0,1,0,0,0,0,0,0,0,1
101 Dalmatians,1996-11-27,136189294,258728898,1996,0,0,0,1,0,0,0,0,0,0,0,0,0,1,0,0,0,0
The Preacher's Wife,1996-12-13,48102795,91076877,1996,0,0,0,0,0,0,1,0,0,0,0,0,0,0,0,1,0,0
Evita,1996-12-25,50047179,92077628,1996,0,0,0,0,0,0,0,0,1,0,0,0,0,0,0,1,0,0
Metro,1997-01-17,32017895,58804106,1997,1,0,0,0,0,0,0,0,0,0,0,0,0,0,0,0,0,1
Prefontaine,1997-01-24,590817,1085093,1997,0,0,0,0,0,0,1,0,0,0,0,0,0,0,0,0,1,0
Shadow Conspiracy,1997-01-31,2154540,3957025,1997,0,0,0,0,0,0,0,0,0,0,0,1,0,0,0,0,0,1
That Darn Cat,1997-02-14,18301828,33613158,1997,0,0,0,1,0,0,0,0,0,0,0,0,0,0,0,1,0,0
Jungle 2 Jungle,1997-03-07,59925026,110058379,1997,0,0,0,1,0,0,0,0,0,0,0,0,0,0,0,1,0,0
The Sixth Man,1997-03-28,14765099,27117599,1997,0,0,0,1,0,0,0,0,0,0,0,0,0,0,0,0,1,0
Grosse Pointe Blank,1997-04-11,28084357,51579764,1997,0,0,1,0,0,0,0,0,0,0,0,0,0,0,0,0,0,1
Romy and Michele's High School Reunion,1997-04-25,29235353,53693680,1997,0,0,0,1,0,0,0,0,0,0,0,0,0,0,0,0,0,1
Gone Fishin',1997-05-30,19745922,36265379,1997,0,0,0,1,0,0,0,0,0,0,0,0,0,0,0,1,0,0
Con Air,1997-06-06,101117573,185712664,1997,1,0,0,0,0,0,0,0,0,0,0,0,0,0,0,0,0,1
Hercules,1997-06-13,99112101,182029412,1997,0,1,0,0,0,0,0,0,0,0,0,0,0,1,0,0,0,0
George Of The Jungle,1997-07-16,105263257,193326632,1997,0,0,0,1,0,0,0,0,0,0,0,0,0,0,0,1,0,0
Nothing To Lose,1997-07-18,44480039,81692095,1997,0,0,0,1,0,0,0,0,0,0,0,0,0,0,0,0,0,1
Air Bud,1997-08-01,24646936,45266588,1997,0,0,0,1,0,0,0,0,0,0,0,0,0,0,0,1,0,0
G.I. Jane,1997-08-22,48169156,88467531,1997,0,0,0,0,0,0,1,0,0,0,0,0,0,0,0,0,0,1
A Thousand Acres,1997-09-19,7928412,14561324,1997,0,0,0,0,0,0,1,0,0,0,0,0,0,0,0,0,0,1
Washington Square,1997-10-05,1775644,3257546,1997,0,0,0,0,0,0,1,0,0,0,0,0,0,0,0,1,0,0
Rocket Man,1997-10-10,15448043,28371890,1997,0,0,0,1,0,0,0,0,0,0,0,0,0,0,0,1,0,0
Playing God,1997-10-17,4166918,7652965,1997,0,0,0,0,0,0,0,0,0,0,0,1,0,0,0,0,0,1
Flubber,1997-11-26,92993801,170406423,1997,0,0,0,1,0,0,0,0,0,0,0,0,0,0,0,1,0,0
An American Werewolf in Paris,1997-12-25,26570463,48546161,1997,0,0,0,0,0,0,0,1,0,0,0,0,0,0,0,0,0,1
Mr. Magoo,1997-12-25,21437192,39145784,1997,0,0,0,1,0,0,0,0,0,0,0,0,0,0,0,1,0,0
Kundun,1997-12-25,5686694,10236836,1997,0,0,0,0,0,0,1,0,0,0,0,0,0,0,0,0,1,0
Deep Rising,1998-01-30,11203026,20136775,1998,1,0,0,0,0,0,0,0,0,0,0,0,0,0,0,0,0,1
Krippendorf's Tribe,1998-02-27,7571115,13608633,1998,0,0,0,1,0,0,0,0,0,0,0,0,0,0,0,0,1,0
An Alan Smithee Film: Burn Hollywood …,1998-02-27,45779,82277,1998,0,0,0,1,0,0,0,0,0,0,0,0,0,0,0,0,0,1
Meet the Deedles,1998-03-27,4356126,7829877,1998,0,0,0,1,0,0,0,0,0,0,0,0,0,0,0,1,0,0
He Got Game,1998-05-01,21567853,38766948,1998,0,0,0,0,0,0,1,0,0,0,0,0,0,0,0,0,0,1
The Horse Whisperer,1998-05-15,75383563,135497531,1998,0,0,0,0,0,0,1,0,0,0,0,0,0,0,0,0,1,0
"Six Days, Seven Nights",1998-06-12,74339294,133620516,1998,0,0,0,0,0,0,0,0,0,0,1,0,0,0,0,0,1,0
Mulan,1998-06-19,120620254,216807832,1998,0,1,0,0,0,0,0,0,0,0,0,0,0,1,0,0,0,0
Armageddon,1998-07-01,201578182,362324957,1998,0,1,0,0,0,0,0,0,0,0,0,0,0,0,0,0,1,0
Jane Austen's Mafia,1998-07-24,19843795,35668055,1998,0,0,0,1,0,0,0,0,0,0,0,0,0,0,0,0,1,0
The Parent Trap,1998-07-29,66308518,119185667,1998,0,0,0,1,0,0,0,0,0,0,0,0,0,0,0,1,0,0
Firelight,1998-09-04,784419,1409943,1998,0,0,0,0,0,0,1,0,0,0,0,0,0,0,0,0,0,1
Simon Birch,1998-09-11,18253415,32809442,1998,0,0,0,0,0,0,1,0,0,0,0,0,0,0,0,1,0,0
Holy Man,1998-10-09,12069719,21694605,1998,0,0,0,1,0,0,0,0,0,0,0,0,0,0,0,1,0,0
Beloved,1998-10-16,22852487,41062682,1998,0,0,0,0,0,0,1,0,0,0,0,0,0,0,0,0,0,1
The Waterboy,1998-11-06,161491646,288691833,1998,0,0,0,1,0,0,0,0,0,0,0,0,0,0,0,0,1,0
I'll Be Home For Christmas,1998-11-13,12214338,21941840,1998,0,0,0,1,0,0,0,0,0,0,0,0,0,0,0,1,0,0
A Bug's Life,1998-11-20,162798565,288981698,1998,0,1,0,0,0,0,0,0,0,0,0,0,0,1,0,0,0,0
Enemy of the State,1998-11-20,111549836,198472008,1998,1,0,0,0,0,0,0,0,0,0,0,0,0,0,0,0,0,1
Rushmore,1998-12-11,17105219,28392518,1998,0,0,1,0,0,0,0,0,0,0,0,0,0,0,0,0,0,1
A Civil Action,1998-12-25,56709981,94139530,1998,0,0,0,0,0,0,1,0,0,0,0,0,0,0,0,0,1,0
Mighty Joe Young,1998-12-25,50632037,87906042,1998,0,1,0,0,0,0,0,0,0,0,0,0,0,0,0,1,0,0
My Favorite Martian,1999-02-12,36850101,61150849,1999,0,0,0,1,0,0,0,0,0,0,0,0,0,0,0,1,0,0
The Other Sister,1999-02-26,27807627,46145331,1999,0,0,0,0,0,0,0,0,0,0,1,0,0,0,0,0,1,0
Doug's 1st Movie,1999-03-26,19421271,32228598,1999,0,1,0,0,0,0,0,0,0,0,0,0,0,1,0,0,0,0
Ten Things I Hate About You,1999-03-31,38177966,63354375,1999,0,0,0,0,0,0,0,0,0,0,1,0,0,0,0,0,1,0
Endurance,1999-05-14,229128,380218,1999,0,0,0,0,0,0,0,0,0,1,0,0,0,0,0,1,0,0
Instinct,1999-06-04,34105207,56595842,1999,0,0,0,0,0,0,1,0,0,0,0,0,0,0,0,0,0,1
Tarzan,1999-06-16,171091819,283900254,1999,0,1,0,0,0,0,0,0,0,0,0,0,0,1,0,0,0,0
Summer of Sam,1999-07-02,19288130,32007656,1999,0,0,0,0,0,0,1,0,0,0,0,0,0,0,0,0,0,1
Inspector Gadget,1999-07-23,97387965,161610341,1999,0,0,0,1,0,0,0,0,0,0,0,0,0,0,0,1,0,0
The Sixth Sense,1999-08-06,293506292,485424724,1999,0,0,0,0,0,0,0,0,0,0,0,1,0,0,0,0,1,0
The 13th Warrior,1999-08-27,32698899,54262148,1999,1,0,0,0,0,0,0,0,0,0,0,0,0,0,0,0,0,1
Breakfast of Champions,1999-09-17,178287,295851,1999,0,0,0,1,0,0,0,0,0,0,0,0,0,0,0,0,0,1
Mumford,1999-09-24,4559569,7566363,1999,0,0,0,1,0,0,0,0,0,0,0,0,0,0,0,0,0,1
"Mystery, Alaska",1999-10-01,8891623,14755189,1999,0,0,0,1,0,0,0,0,0,0,0,0,0,0,0,0,0,1
The Straight Story,1999-10-15,6197866,10111144,1999,0,0,0,0,0,0,1,0,0,0,0,0,0,1,0,0,0,0
The Insider,1999-11-05,28965197,47794214,1999,0,0,0,0,0,0,1,0,0,0,0,0,0,0,0,0,0,1
Toy Story 2,1999-11-19,245852179,404450426,1999,0,1,0,0,0,0,0,0,0,0,0,0,0,1,0,0,0,0
Cradle Will Rock,1999-12-08,2899970,4609153,1999,0,0,0,0,0,0,1,0,0,0,0,0,0,0,0,0,0,1
Deuce Bigalow: Male Gigolo,1999-12-10,65535067,106921374,1999,0,0,0,1,0,0,0,0,0,0,0,0,0,0,0,0,0,1
Bicentennial Man,1999-12-17,58220776,94838225,1999,0,0,0,0,0,0,1,0,0,0,0,0,0,0,0,1,0,0
Play it to the Bone,1999-12-24,8427204,13180524,1999,0,0,0,1,0,0,0,0,0,0,0,0,0,0,0,0,0,1
Fantasia 2000 (IMAX),2000-01-01,60507228,94852354,2000,0,0,0,0,0,0,0,0,1,0,0,0,0,1,0,0,0,0
Gun Shy,2000-02-04,1638202,2562155,2000,0,0,0,1,0,0,0,0,0,0,0,0,0,0,0,0,0,1
The Tigger Movie,2000-02-11,45542421,71228678,2000,0,1,0,0,0,0,0,0,0,0,0,0,0,1,0,0,0,0
Mission to Mars,2000-03-10,60874615,95208344,2000,0,1,0,0,0,0,0,0,0,0,0,0,0,0,0,1,0,0
High Fidelity,2000-03-31,27277055,42661516,2000,0,0,0,1,0,0,0,0,0,0,0,0,0,0,0,0,0,1
Keeping the Faith,2000-04-14,37036404,57925202,2000,0,0,0,0,0,0,0,0,0,0,1,0,0,0,0,0,1,0
Dinosaur,2000-05-19,137748063,215438985,2000,0,1,0,0,0,0,0,0,0,0,0,0,0,0,0,1,0,0
Shanghai Noon,2000-05-26,56932305,89042541,2000,0,0,0,0,0,0,0,0,0,0,0,0,1,0,0,0,1,0
Gone in 60 Seconds,2000-06-09,101643008,158970411,2000,1,0,0,0,0,0,0,0,0,0,0,0,0,0,0,0,1,0
Fantasia 2000 (Theatrical Release),2000-06-16,9103630,14238144,2000,0,0,0,0,0,0,0,0,1,0,0,0,0,1,0,0,0,0
The Kid,2000-07-07,69688384,108993148,2000,0,0,0,1,0,0,0,0,0,0,0,0,0,0,0,1,0,0
Coyote Ugly,2000-08-04,60786269,95070168,2000,0,0,0,0,0,0,1,0,0,0,0,0,0,0,0,0,1,0
The Crew,2000-08-25,13019253,20362201,2000,0,0,0,1,0,0,0,0,0,0,0,0,0,0,0,0,1,0
Duets,2000-09-15,4734235,7404372,2000,0,0,0,0,0,0,1,0,0,0,0,0,0,0,0,0,0,1
Remember the Titans,2000-09-29,115654751,180742479,2000,0,0,0,0,0,0,1,0,0,0,0,0,0,0,0,1,0,0
Unbreakable,2000-11-22,94999143,148208901,2000,0,0,0,0,0,0,0,0,0,0,0,1,0,0,0,0,1,0
102 Dalmatians,2000-11-22,66941559,104055039,2000,0,0,0,1,0,0,0,0,0,0,0,0,0,1,0,0,0,0
The Emperor's New Groove,2000-12-15,89296573,136789252,2000,0,1,0,0,0,0,0,0,0,0,0,0,0,1,0,0,0,0
"O Brother, Where Art Thou?",2000-12-22,45506619,67922002,2000,0,0,0,1,0,0,0,0,0,0,0,0,0,0,0,0,1,0
Double Take,2001-01-12,29823162,44418589,2001,1,0,0,0,0,0,0,0,0,0,0,0,0,0,0,0,1,0
Recess: School's Out,2001-02-16,36696761,54656124,2001,0,0,0,1,0,0,0,0,0,0,0,0,0,1,0,0,0,0
Just Visiting,2001-04-06,4777007,7114869,2001,0,0,0,1,0,0,0,0,0,0,0,0,0,0,0,0,1,0
Pearl Harbor,2001-05-25,198539855,295705112,2001,1,0,0,0,0,0,0,0,0,0,0,0,0,0,0,0,1,0
Atlantis: The Lost Empire,2001-06-08,84052762,125188122,2001,0,1,0,0,0,0,0,0,0,0,0,0,0,0,0,1,0,0
crazy/beautiful,2001-06-29,16929123,25214223,2001,0,0,0,0,0,0,1,0,0,0,0,0,0,0,0,0,1,0
The Princess Diaries,2001-08-03,108244774,161218928,2001,0,0,0,1,0,0,0,0,0,0,0,0,0,1,0,0,0,0
Bubble Boy,2001-08-24,5002310,7450434,2001,0,0,0,1,0,0,0,0,0,0,0,0,0,0,0,0,1,0
Max Keeble's Big Move,2001-10-05,17292381,25749730,2001,0,0,0,1,0,0,0,0,0,0,0,0,0,0,0,1,0,0
Corky Romano,2001-10-12,23978402,35705805,2001,0,0,0,1,0,0,0,0,0,0,0,0,0,0,0,0,1,0
High Heels and Low Lifes,2001-10-26,226792,337782,2001,0,0,0,0,0,0,0,0,0,1,0,0,0,0,0,0,0,1
"Monsters, Inc.",2001-11-02,289423425,416073179,2001,0,1,0,0,0,0,0,0,0,0,0,0,0,1,0,0,0,0
Out Cold,2001-11-21,13906394,20700691,2001,0,0,0,1,0,0,0,0,0,0,0,0,0,0,0,0,1,0
The Royal Tenenbaums,2001-12-14,52353636,76758193,2001,0,0,1,0,0,0,0,0,0,0,0,0,0,0,0,0,0,1
Beauty and the Beast (IMAX),2002-01-01,25487028,36980311,2002,0,0,0,0,0,0,0,0,1,0,0,0,0,1,0,0,0,0
Snow Dogs,2002-01-18,81150692,117745317,2002,0,0,0,1,0,0,0,0,0,0,0,0,0,0,0,1,0,0
The Count of Monte Cristo,2002-01-25,54228104,78682079,2002,0,0,0,0,0,0,1,0,0,0,0,0,0,0,0,0,1,0
Peter Pan: Return to Neverland,2002-02-15,48430258,70269715,2002,0,1,0,0,0,0,0,0,0,0,0,0,0,1,0,0,0,0
Reign of Fire,2002-02-19,43061982,62480631,2002,1,0,0,0,0,0,0,0,0,0,0,0,0,0,0,0,1,0
Sorority Boys,2002-03-22,10198766,14797862,2002,0,0,0,1,0,0,0,0,0,0,0,0,0,0,0,0,0,1
The Rookie,2002-03-29,75600072,109691666,2002,0,0,0,0,0,0,1,0,0,0,0,0,0,1,0,0,0,0
Big Trouble,2002-04-05,7262288,10537188,2002,0,0,0,1,0,0,0,0,0,0,0,0,0,0,0,0,1,0
ESPN's Ultimate X - The Movie,2002-05-10,4197175,6089874,2002,0,0,0,0,0,1,0,0,0,0,0,0,0,0,0,1,0,0
Bad Company,2002-06-07,30157016,43756218,2002,1,0,0,0,0,0,0,0,0,0,0,0,0,0,0,0,1,0
Lilo & Stitch,2002-06-21,145771527,211506702,2002,0,1,0,0,0,0,0,0,0,0,0,0,0,0,0,1,0,0
The Country Bears,2002-07-26,16988996,24650121,2002,0,1,0,0,0,0,0,0,0,0,0,0,0,1,0,0,0,0
Signs,2002-08-02,227965690,330754439,2002,0,0,0,0,0,0,0,0,0,0,0,1,0,0,0,0,1,0
Sen to Chihiro no Kamikakushi,2002-09-20,10049886,14338992,2002,0,1,0,0,0,0,0,0,0,0,0,0,0,0,0,1,0,0
Sweet Home Alabama,2002-09-27,127214072,184521151,2002,0,0,0,1,0,0,0,0,0,0,0,0,0,0,0,0,1,0
Moonlight Mile,2002-09-27,6830957,9909094,2002,0,0,0,0,0,0,1,0,0,0,0,0,0,0,0,0,1,0
Tuck Everlasting,2002-10-11,19161999,27789959,2002,0,0,0,0,0,0,1,0,0,0,0,0,0,0,0,1,0,0
The Santa Clause 2,2002-11-01,139225854,201959095,2002,0,0,0,1,0,0,0,0,0,0,0,0,0,1,0,0,0,0
Treasure Planet,2002-11-27,38120554,55189145,2002,0,1,0,0,0,0,0,0,0,0,0,0,0,0,0,1,0,0
The Hot Chick,2002-12-13,35081550,50624654,2002,0,0,0,1,0,0,0,0,0,0,0,0,0,0,0,0,1,0
25th Hour,2002-12-19,13084595,18325463,2002,0,0,0,0,0,0,1,0,0,0,0,0,0,0,0,0,0,1
The Recruit,2003-01-31,52784696,73793522,2003,0,0,0,0,0,0,0,0,0,0,0,1,0,0,0,0,1,0
Shanghai Knights,2003-02-07,60470220,84537962,2003,0,1,0,0,0,0,0,0,0,0,0,0,0,0,0,0,1,0
The Jungle Book 2,2003-02-14,47901582,66966883,2003,0,1,0,0,0,0,0,0,0,0,0,0,0,1,0,0,0,0
Bringing Down the House,2003-03-07,132675402,185481530,2003,0,0,0,1,0,0,0,0,0,0,0,0,0,0,0,0,1,0
Piglet's Big Movie,2003-03-21,23103423,32298812,2003,0,0,0,1,0,0,0,0,0,0,0,0,0,1,0,0,0,0
Ghosts of the Abyss,2003-04-11,17093668,23803108,2003,0,0,0,0,0,1,0,0,0,0,0,0,0,1,0,0,0,0
Holes,2003-04-18,67383924,94203395,2003,0,0,0,0,0,0,1,0,0,0,0,0,0,0,0,1,0,0
The Lizzie McGuire Movie,2003-05-02,42734455,59743191,2003,0,0,0,1,0,0,0,0,0,0,0,0,0,0,0,1,0,0
Finding Nemo,2003-05-30,380529370,518148559,2003,0,1,0,0,0,0,0,0,0,0,0,0,0,1,0,0,0,0
Pirates of the Caribbean: The Curse o…,2003-07-09,305411224,426967926,2003,0,1,0,0,0,0,0,0,0,0,0,0,0,0,0,0,1,0
Freaky Friday,2003-08-06,110222438,154090360,2003,0,0,0,1,0,0,0,0,0,0,0,0,0,0,0,1,0,0
Open Range,2003-08-15,58331254,81547672,2003,0,0,0,0,0,0,0,0,0,0,0,0,1,0,0,0,0,1
Cold Creek Manor,2003-09-19,21384035,29895090,2003,0,0,0,0,0,0,0,0,0,0,0,1,0,0,0,0,0,1
Under the Tuscan Sun,2003-09-26,43601508,60944053,2003,0,0,0,1,0,0,0,0,0,0,0,0,0,0,0,0,1,0
Veronica Guerin,2003-10-17,1569918,2194759,2003,0,0,0,0,0,0,1,0,0,0,0,0,0,0,0,0,0,1
Brother Bear,2003-10-24,85336277,119218333,2003,0,1,0,0,0,0,0,0,0,0,0,0,0,1,0,0,0,0
The Haunted Mansion,2003-11-26,75817994,105775678,2003,0,0,0,1,0,0,0,0,0,0,0,0,0,0,0,1,0,0
Calendar Girls,2003-12-19,31011616,42379650,2003,0,0,0,1,0,0,0,0,0,0,0,0,0,0,0,0,1,0
Young Black Stallion,2003-12-25,6751389,9254344,2003,0,1,0,0,0,0,0,0,0,0,0,0,0,1,0,0,0,0
Teacher's Pet: The Movie,2004-01-16,6491969,8812764,2004,0,0,0,1,0,0,0,0,0,0,0,0,0,0,0,1,0,0
Miracle,2004-02-06,64378093,87392478,2004,0,0,0,0,0,0,1,0,0,0,0,0,0,0,0,1,0,0
Confessions of a Teenage Drama Queen,2004-02-20,29331068,39816568,2004,0,0,0,1,0,0,0,0,0,0,0,0,0,0,0,1,0,0
Hidalgo,2004-03-05,67286731,91340921,2004,0,0,0,0,0,0,0,0,0,0,0,0,1,0,0,0,1,0
The Ladykillers,2004-03-26,39692139,53881593,2004,0,0,0,1,0,0,0,0,0,0,0,0,0,0,0,0,0,1
Home on the Range,2004-04-02,50026353,67910166,2004,0,0,0,1,0,0,0,0,0,0,0,0,0,0,0,1,0,0
The Alamo,2004-04-09,22406362,30416359,2004,0,0,0,0,0,0,0,0,0,0,0,0,1,0,0,0,1,0
Raising Helen,2004-05-28,37485528,50886144,2004,0,0,0,1,0,0,0,0,0,0,0,0,0,0,0,0,1,0
Around the World in 80 Days,2004-06-16,24004159,32585356,2004,0,1,0,0,0,0,0,0,0,0,0,0,0,0,0,1,0,0
America's Heart and Soul,2004-07-02,314000,426246,2004,0,0,0,0,0,1,0,0,0,0,0,0,0,0,1,0,0,0
King Arthur,2004-07-07,51877963,70423706,2004,0,1,0,0,0,0,0,0,0,0,0,0,0,0,0,0,1,0
The Village,2004-07-30,114197520,155021748,2004,0,0,0,0,0,0,0,0,0,0,0,1,0,0,0,0,1,0
The Princess Diaries 2: Royal Engagement,2004-08-11,95149435,129164207,2004,0,0,0,0,0,0,0,0,0,0,1,0,0,1,0,0,0,0
Mr. 3000,2004-09-17,21800302,29593641,2004,0,0,0,1,0,0,0,0,0,0,0,0,0,0,0,0,1,0
The Last Shot,2004-09-24,463730,629502,2004,0,0,0,1,0,0,0,0,0,0,0,0,0,0,0,0,0,1
Ladder 49,2004-10-01,74541707,101161045,2004,1,0,0,0,0,0,0,0,0,0,0,0,0,0,0,0,1,0
The Incredibles,2004-11-05,261441092,354488708,2004,0,1,0,0,0,0,0,0,0,0,0,0,0,0,0,1,0,0
National Treasure,2004-11-19,173005002,234069353,2004,0,1,0,0,0,0,0,0,0,0,0,0,0,0,0,1,0,0
The Life Aquatic with Steve Zissou,2004-12-10,24006726,32198655,2004,0,0,0,1,0,0,0,0,0,0,0,0,0,0,0,0,0,1
Aliens of the Deep,2005-01-28,8968684,11740942,2005,0,0,0,0,0,1,0,0,0,0,0,0,0,1,0,0,0,0
Pooh's Heffalump Movie,2005-02-11,18098433,23801835,2005,0,1,0,0,0,0,0,0,0,0,0,0,0,1,0,0,0,0
The Pacifier,2005-03-04,113006880,148619029,2005,0,0,0,1,0,0,0,0,0,0,0,0,0,0,0,1,0,0
Ice Princess,2005-03-18,24381334,32064685,2005,0,0,0,1,0,0,0,0,0,0,0,0,0,1,0,0,0,0
A Lot Like Love,2005-04-22,21835784,28716947,2005,0,0,0,1,0,0,0,0,0,0,0,0,0,0,0,0,1,0
The Hitchhiker's Guide to the Galaxy,2005-04-29,51019112,67096891,2005,0,0,0,1,0,0,0,0,0,0,0,0,0,0,0,1,0,0
Hauru no ugoku shiro,2005-06-10,4710455,6194870,2005,0,1,0,0,0,0,0,0,0,0,0,0,0,0,0,1,0,0
Herbie: Fully Loaded,2005-06-22,66010682,86812798,2005,0,0,0,1,0,0,0,0,0,0,0,0,0,1,0,0,0,0
Dark Water,2005-07-08,25473093,33500491,2005,0,0,0,0,0,0,0,0,0,0,0,1,0,0,0,0,1,0
Sky High,2005-07-29,63939454,84088854,2005,0,1,0,0,0,0,0,0,0,0,0,0,0,0,0,1,0,0
Valiant,2005-08-19,19478106,25616292,2005,0,1,0,0,0,0,0,0,0,0,0,0,0,1,0,0,0,0
Flightplan,2005-09-23,89706988,117960425,2005,0,0,0,0,0,0,0,0,0,0,0,1,0,0,0,0,1,0
The Greatest Game Ever Played,2005-09-30,15331289,20162672,2005,0,0,0,0,0,0,1,0,0,0,0,0,0,0,0,1,0,0
Shopgirl,2005-10-21,10284523,13519621,2005,0,0,0,0,0,0,1,0,0,0,0,0,0,0,0,0,0,1
Chicken Little,2005-11-04,135386665,177954661,2005,0,1,0,0,0,0,0,0,0,0,0,0,0,1,0,0,0,0
"The Chronicles of Narnia: The Lion, t…",2005-12-09,291710957,381557539,2005,0,1,0,0,0,0,0,0,0,0,0,0,0,0,0,1,0,0
Casanova,2005-12-25,11304403,14574087,2005,0,0,0,0,0,0,1,0,0,0,0,0,0,0,0,0,0,1
Glory Road,2006-01-13,42647449,54888236,2006,0,0,0,0,0,0,1,0,0,0,0,0,0,0,0,1,0,0
Annapolis,2006-01-27,17127992,22044113,2006,0,0,0,0,0,0,1,0,0,0,0,0,0,0,0,0,1,0
Roving Mars,2006-01-27,10407978,12948025,2006,0,0,0,0,0,1,0,0,0,0,0,0,0,1,0,0,0,0
Eight Below,2006-02-17,81612565,105037235,2006,0,1,0,0,0,0,0,0,0,0,0,0,0,0,0,1,0,0
The Shaggy Dog,2006-03-10,61123569,78667428,2006,0,0,0,1,0,0,0,0,0,0,0,0,0,0,0,1,0,0
Stay Alive,2006-03-24,23086480,29712825,2006,0,0,0,0,0,0,0,1,0,0,0,0,0,0,0,0,1,0
The Wild,2006-04-14,37384046,48114115,2006,0,1,0,0,0,0,0,0,0,0,0,0,0,1,0,0,0,0
Stick It,2006-04-28,26910736,34634731,2006,0,0,0,1,0,0,0,0,0,0,0,0,0,0,0,0,1,0
Goal! The Dream Begins,2006-05-12,4283255,5512647,2006,0,0,0,0,0,0,1,0,0,0,0,0,0,0,0,1,0,0
Cars,2006-06-09,244082982,314140384,2006,0,0,0,1,0,0,0,0,0,0,0,0,0,1,0,0,0,0
Pirates of the Caribbean: Dead Man’…,2006-07-07,423315812,544817142,2006,0,1,0,0,0,0,0,0,0,0,0,0,0,0,0,0,1,0
Step Up,2006-08-11,65328121,84078780,2006,0,0,0,0,0,0,1,0,0,0,0,0,0,0,0,0,1,0
Invincible,2006-08-25,57806952,74398864,2006,0,0,0,0,0,0,1,0,0,0,0,0,0,0,0,1,0,0
The Guardian,2006-09-29,55011732,70801353,2006,1,0,0,0,0,0,0,0,0,0,0,0,0,0,0,0,1,0
The Prestige,2006-10-20,53089891,68289913,2006,0,0,0,0,0,0,0,0,0,0,0,1,0,0,0,0,1,0
Tim Burton's The Nightmare Before Chr…,2006-10-20,24732041,30737517,2006,0,0,0,0,0,0,0,0,1,0,0,0,0,0,0,1,0,0
The Santa Clause 3: The Escape Clause,2006-11-03,84500122,108694869,2006,0,0,0,1,0,0,0,0,0,0,0,0,0,1,0,0,0,0
Déjà Vu,2006-11-22,64038616,82267038,2006,0,0,0,0,0,0,0,0,0,0,0,1,0,0,0,0,1,0
Apocalypto,2006-12-08,50866635,64959548,2006,0,1,0,0,0,0,0,0,0,0,0,0,0,0,0,0,0,1
Primeval,2007-01-12,10597734,12985302,2007,0,1,0,0,0,0,0,0,0,0,0,0,0,0,0,0,0,1
Bridge to Terabithia,2007-02-16,82234139,100760721,2007,0,0,0,0,0,0,1,0,0,0,0,0,0,0,0,1,0,0
Wild Hogs,2007-03-02,168213584,206110533,2007,0,0,0,1,0,0,0,0,0,0,0,0,0,0,0,0,1,0
Meet the Robinsons,2007-03-30,97822171,119860589,2007,0,1,0,0,0,0,0,0,0,0,0,0,0,1,0,0,0,0
The Lookout,2007-03-30,4600585,5637048,2007,0,0,0,0,0,0,1,0,0,0,0,0,0,0,0,0,0,1
The Hoax,2007-04-06,7164995,8779196,2007,0,0,0,0,0,0,1,0,0,0,0,0,0,0,0,0,0,1
The Invisible,2007-04-27,20568319,25202168,2007,0,0,0,0,0,0,0,0,0,0,0,1,0,0,0,0,1,0
Pirates of the Caribbean: At World’…,2007-05-24,309420425,379129960,2007,0,1,0,0,0,0,0,0,0,0,0,0,0,0,0,0,1,0
Ratatouille,2007-06-29,206445654,252955933,2007,0,0,0,1,0,0,0,0,0,0,0,0,0,1,0,0,0,0
Underdog,2007-08-03,43760605,53619462,2007,0,1,0,0,0,0,0,0,0,0,0,0,0,0,0,1,0,0
The Game Plan,2007-09-22,90648202,111010758,2007,0,0,0,1,0,0,0,0,0,0,0,0,0,0,0,1,0,0
Dan in Real Life,2007-10-20,47642963,58350234,2007,0,0,0,0,0,0,0,0,0,0,1,0,0,0,0,0,1,0
Enchanted,2007-11-21,127706877,156074310,2007,0,0,0,0,0,0,0,0,0,0,1,0,0,0,0,1,0,0
National Treasure 2: Book of Secrets,2007-12-21,219961501,267003525,2007,0,1,0,0,0,0,0,0,0,0,0,0,0,0,0,1,0,0
Hannah Montana/Miley Cyrus: Best of B…,2008-02-01,65281781,76646993,2008,0,0,0,0,1,0,0,0,0,0,0,0,0,1,0,0,0,0
Step Up 2 the Streets,2008-02-14,58017783,68118371,2008,0,0,0,0,0,0,1,0,0,0,0,0,0,0,0,0,1,0
College Road Trip,2008-03-07,45610425,53550960,2008,0,0,0,1,0,0,0,0,0,0,0,0,0,1,0,0,0,0
The Chronicles of Narnia: Prince Caspian,2008-05-16,141621490,166277038,2008,0,1,0,0,0,0,0,0,0,0,0,0,0,0,0,1,0,0
WALL-E,2008-06-27,223808164,262771918,2008,0,1,0,0,0,0,0,0,0,0,0,0,0,1,0,0,0,0
Swing Vote,2008-08-01,16289867,19125841,2008,0,0,0,1,0,0,0,0,0,0,0,0,0,0,0,0,1,0
Goal! 2: Living the Dream...,2008-08-29,225067,264247,2008,0,0,0,0,0,0,1,0,0,0,0,0,0,0,0,0,1,0
Miracle at St. Anna,2008-09-26,7916887,9295171,2008,0,0,0,0,0,0,1,0,0,0,0,0,0,0,0,0,0,1
Beverly Hills Chihuahua,2008-10-03,94514402,110932022,2008,0,0,0,1,0,0,0,0,0,0,0,0,0,0,0,1,0,0
Morning Light,2008-10-17,275093,322979,2008,0,0,0,0,0,1,0,0,0,0,0,0,0,0,0,1,0,0
High School Musical 3: Senior Year,2008-10-24,90559416,106308538,2008,0,0,0,0,0,0,0,0,1,0,0,0,0,1,0,0,0,0
Bolt,2008-11-21,114053759,133702498,2008,0,0,0,1,0,0,0,0,0,0,0,0,0,0,0,1,0,0
Bedtime Stories,2008-12-25,110101975,128039679,2008,0,0,0,1,0,0,0,0,0,0,0,0,0,0,0,1,0,0
Confessions of a Shopaholic,2009-02-13,44277350,49767744,2009,0,0,0,0,0,0,0,0,0,0,1,0,0,0,0,1,0,0
Jonas Brothers: The 3D Concert Experi…,2009-02-27,38174685,38174685,2009,0,0,0,0,1,0,0,0,0,0,0,0,0,1,0,0,0,0
Race to Witch Mountain,2009-03-13,67172594,75501997,2009,0,1,0,0,0,0,0,0,0,0,0,0,0,0,0,1,0,0
Hannah Montana the Movie,2009-04-10,79576189,89443640,2009,0,0,0,0,0,0,1,0,0,0,0,0,0,1,0,0,0,0
Earth,2009-04-22,32011576,35981010,2009,0,0,0,0,0,1,0,0,0,0,0,0,0,1,0,0,0,0
Up,2009-05-29,293004164,329336681,2009,0,1,0,0,0,0,0,0,0,0,0,0,0,0,0,1,0,0
The Proposal,2009-06-19,163958031,184288829,2009,0,0,0,0,0,0,0,0,0,0,1,0,0,0,0,0,1,0
G-Force,2009-07-24,119436770,134246932,2009,0,1,0,0,0,0,0,0,0,0,0,0,0,0,0,1,0,0
Gake no ue no Ponyo,2009-08-14,15090399,16961607,2009,0,1,0,0,0,0,0,0,0,0,0,0,0,1,0,0,0,0
X Games 3D: The Movie,2009-08-21,1391434,1563976,2009,0,0,0,0,0,1,0,0,0,0,0,0,0,0,0,1,0,0
Walt and El Grupo,2009-09-10,20521,23064,2009,0,0,0,0,0,1,0,0,0,0,0,0,0,0,0,1,0,0
Surrogates,2009-09-25,38577772,43361416,2009,1,0,0,0,0,0,0,0,0,0,0,0,0,0,0,0,1,0
Toy Story 3D Double Feature,2009-10-02,30702446,34509545,2009,0,1,0,0,0,0,0,0,0,0,0,0,0,1,0,0,0,0
Disney's A Christmas Carol,2009-11-06,137855863,154927105,2009,0,0,0,0,0,0,1,0,0,0,0,0,0,0,0,1,0,0
The Princess and the Frog,2009-11-25,104400899,116316457,2009,0,1,0,0,0,0,0,0,0,0,0,0,0,1,0,0,0,0
Old Dogs,2009-11-25,49492060,55503929,2009,0,0,0,1,0,0,0,0,0,0,0,0,0,0,0,1,0,0
When in Rome,2010-01-29,32680633,34917330,2010,0,0,0,0,0,0,0,0,0,0,1,0,0,0,0,0,1,0
Alice in Wonderland,2010-03-05,334191110,357063499,2010,0,1,0,0,0,0,0,0,0,0,0,0,0,0,0,1,0,0
Waking Sleeping Beauty,2010-03-26,80741,86264,2010,0,0,0,0,0,1,0,0,0,0,0,0,0,0,0,1,0,0
The Last Song,2010-03-31,62950384,67258772,2010,0,0,0,0,0,0,1,0,0,0,0,0,0,0,0,1,0,0
Oceans,2010-04-22,19422319,20751600,2010,0,0,0,0,0,1,0,0,0,0,0,0,0,1,0,0,0,0
Prince of Persia: Sands of Time,2010-05-28,90759676,96971361,2010,1,0,0,0,0,0,0,0,0,0,0,0,0,0,0,0,1,0
Toy Story 3,2010-06-18,415004880,443408255,2010,0,1,0,0,0,0,0,0,0,0,0,0,0,1,0,0,0,0
The Sorcerer's Apprentice,2010-07-14,63150991,67473105,2010,0,1,0,0,0,0,0,0,0,0,0,0,0,0,0,1,0,0
Step Up 3D,2010-08-06,42400223,45302137,2010,0,0,0,0,0,0,1,0,0,0,0,0,0,0,0,0,1,0
Gedo Senki (Tales from Earthsea),2010-08-13,48658,51988,2010,0,1,0,0,0,0,0,0,0,0,0,0,0,0,0,0,1,0
You Again,2010-09-24,25702053,27461121,2010,0,0,0,1,0,0,0,0,0,0,0,0,0,0,0,1,0,0
Secretariat,2010-10-08,59699513,63781920,2010,0,0,0,0,0,0,1,0,0,0,0,0,0,0,0,1,0,0
Tangled,2010-11-24,200821936,214388548,2010,0,1,0,0,0,0,0,0,0,0,0,0,0,0,0,1,0,0
Tron: Legacy,2010-12-17,172062763,183619259,2010,0,1,0,0,0,0,0,0,0,0,0,0,0,0,0,1,0,0
Gnomeo and Juliet,2011-02-11,99967670,106270797,2011,0,0,0,1,0,0,0,0,0,0,0,0,0,1,0,0,0,0
I am Number Four,2011-02-18,55100437,58574607,2011,0,1,0,0,0,0,0,0,0,0,0,0,0,0,0,0,1,0
Mars Needs Moms,2011-03-11,21392758,22741603,2011,0,1,0,0,0,0,0,0,0,0,0,0,0,0,0,1,0,0
African Cats,2011-04-22,15428747,16401551,2011,0,0,0,0,0,1,0,0,0,0,0,0,0,1,0,0,0,0
Zokkomon,2011-04-22,2815,2984,2011,0,1,0,0,0,0,0,0,0,0,0,0,0,0,0,1,0,0
Prom,2011-04-29,10130219,10768946,2011,0,0,0,1,0,0,0,0,0,0,0,0,0,0,0,1,0,0
Pirates of the Caribbean: On Stranger…,2011-05-20,241063875,256263359,2011,0,1,0,0,0,0,0,0,0,0,0,0,0,0,0,0,1,0
Cars 2,2011-06-24,191450875,203522177,2011,0,1,0,0,0,0,0,0,0,0,0,0,0,1,0,0,0,0
Winnie the Pooh,2011-07-15,26692846,28375869,2011,0,1,0,0,0,0,0,0,0,0,0,0,0,1,0,0,0,0
The Help,2011-08-10,169705587,180404976,2011,0,0,0,0,0,0,1,0,0,0,0,0,0,0,0,0,1,0
Fright Night,2011-08-19,18298649,19452402,2011,0,0,0,0,0,0,0,1,0,0,0,0,0,0,0,0,0,1
Real Steel,2011-10-07,85463309,90848019,2011,1,0,0,0,0,0,0,0,0,0,0,0,0,0,0,0,1,0
The Muppets,2011-11-23,88625922,94189503,2011,0,0,0,1,0,0,0,0,0,0,0,0,0,0,0,1,0,0
War Horse,2011-12-25,79883359,84762149,2011,0,0,0,0,0,0,1,0,0,0,0,0,0,0,0,0,1,0
The Secret World of Arietty,2012-02-17,19192510,20325733,2012,0,1,0,0,0,0,0,0,0,0,0,0,0,1,0,0,0,0
John Carter,2012-03-09,73058679,77372445,2012,0,1,0,0,0,0,0,0,0,0,0,0,0,0,0,0,1,0
Chimpanzee,2012-04-20,28965459,30675725,2012,0,0,0,0,0,1,0,0,0,0,0,0,0,1,0,0,0,0
The Avengers,2012-05-04,623279547,660081224,2012,1,0,0,0,0,0,0,0,0,0,0,0,0,0,0,0,1,0
Brave,2012-06-22,237282182,251292441,2012,0,1,0,0,0,0,0,0,0,0,0,0,0,0,0,1,0,0
People Like Us,2012-06-29,12431792,13165822,2012,0,0,0,0,0,0,1,0,0,0,0,0,0,0,0,0,1,0
The Odd Life of Timothy Green,2012-08-15,51853450,54914942,2012,0,0,0,0,0,0,1,0,0,0,0,0,0,0,0,1,0,0
Frankenweenie,2012-10-05,35287788,37363513,2012,0,0,0,1,0,0,0,0,0,0,0,0,0,0,0,1,0,0
Wreck-It Ralph,2012-11-02,189412677,200354959,2012,0,1,0,0,0,0,0,0,0,0,0,0,0,0,0,1,0,0
Lincoln,2012-11-09,182207973,192122330,2012,0,0,0,0,0,0,1,0,0,0,0,0,0,0,0,0,1,0
Oz the Great and Powerful,2013-03-08,234770996,243434130,2013,0,1,0,0,0,0,0,0,0,0,0,0,0,0,0,1,0,0
Iron Man 3,2013-05-03,408992272,424084233,2013,1,0,0,0,0,0,0,0,0,0,0,0,0,0,0,0,1,0
Monsters University,2013-06-21,268488329,278395641,2013,0,1,0,0,0,0,0,0,0,0,0,0,0,1,0,0,0,0
The Lone Ranger,2013-07-02,89302115,92597388,2013,0,0,0,0,0,0,0,0,0,0,0,0,1,0,0,0,1,0
Disney Planes,2013-08-09,90282580,93614037,2013,0,0,0,1,0,0,0,0,0,0,0,0,0,0,0,1,0,0
The Fifth Estate,2013-10-18,3254172,3374251,2013,0,0,0,0,0,0,1,0,0,0,0,0,0,0,0,0,0,1
Thor: The Dark World,2013-11-08,206362140,213962184,2013,0,1,0,0,0,0,0,0,0,0,0,0,0,0,0,0,1,0
Kaze Tachinu,2013-11-08,5201879,5367415,2013,0,0,0,0,0,0,1,0,0,0,0,0,0,0,0,0,1,0
Frozen,2013-11-22,400738009,414997174,2013,0,1,0,0,0,0,0,0,0,0,0,0,0,0,0,1,0,0
Delivery Man,2013-11-22,30659817,31787136,2013,0,0,0,1,0,0,0,0,0,0,0,0,0,0,0,0,1,0
Saving Mr. Banks,2013-12-13,83299761,86249969,2013,0,0,0,0,0,0,1,0,0,0,0,0,0,0,0,0,1,0
Need for Speed,2014-03-14,43568507,44955015,2014,1,0,0,0,0,0,0,0,0,0,0,0,0,0,0,0,1,0
Muppets Most Wanted,2014-03-21,51178893,52807594,2014,0,0,0,1,0,0,0,0,0,0,0,0,0,0,0,1,0,0
Captain America: The Winter Soldier,2014-04-04,259746958,268013076,2014,1,0,0,0,0,0,0,0,0,0,0,0,0,0,0,0,1,0
Bears,2014-04-18,17780194,18346024,2014,0,0,0,0,0,1,0,0,0,0,0,0,0,1,0,0,0,0
Million Dollar Arm,2014-05-10,36447959,37607865,2014,0,0,0,0,0,0,1,0,0,0,0,0,0,0,0,1,0,0
Maleficent,2014-05-30,241407328,249089809,2014,0,1,0,0,0,0,0,0,0,0,0,0,0,0,0,1,0,0
Planes: Fire and Rescue,2014-07-18,59157732,61040349,2014,0,1,0,0,0,0,0,0,0,0,0,0,0,0,0,1,0,0
Guardians of the Galaxy,2014-08-01,333172112,343771168,2014,0,1,0,0,0,0,0,0,0,0,0,0,0,0,0,0,1,0
The Hundred-Foot Journey,2014-08-08,54235441,55961409,2014,0,0,0,0,0,0,0,0,0,0,1,0,0,0,0,1,0,0
"Alexander and the Terrible, Horrible,…",2014-10-10,66954149,69055550,2014,0,0,0,1,0,0,0,0,0,0,0,0,0,0,0,1,0,0
Big Hero 6,2014-11-07,222527828,229249222,2014,0,1,0,0,0,0,0,0,0,0,0,0,0,0,0,1,0,0
Into the Woods,2014-12-25,128002372,130894237,2014,0,0,0,0,0,0,0,0,1,0,0,0,0,0,0,1,0,0
Strange Magic,2015-01-23,12429583,12429583,2015,0,1,0,0,0,0,0,0,0,0,0,0,0,0,0,1,0,0
"McFarland, USA",2015-02-20,44480275,44480275,2015,0,0,0,0,0,0,1,0,0,0,0,0,0,0,0,1,0,0
Cinderella,2015-03-13,201151353,201151353,2015,0,0,0,0,0,0,1,0,0,0,0,0,0,0,0,1,0,0
Monkey Kingdom,2015-04-17,16432322,16432322,2015,0,0,0,0,0,1,0,0,0,0,0,0,0,1,0,0,0,0
Avengers: Age of Ultron,2015-05-01,459005868,459005868,2015,1,0,0,0,0,0,0,0,0,0,0,0,0,0,0,0,1,0
Tomorrowland,2015-05-22,93436322,93436322,2015,0,1,0,0,0,0,0,0,0,0,0,0,0,0,0,1,0,0
Inside Out,2015-06-19,356461711,356461711,2015,0,1,0,0,0,0,0,0,0,0,0,0,0,0,0,1,0,0
Ant-Man,2015-07-17,180202163,180202163,2015,1,0,0,0,0,0,0,0,0,0,0,0,0,0,0,0,1,0
Bridge of Spies,2015-10-16,72313754,72313754,2015,0,0,0,0,0,0,0,0,0,0,0,1,0,0,0,0,1,0
The Good Dinosaur,2015-11-25,123087120,123087120,2015,0,1,0,0,0,0,0,0,0,0,0,0,0,0,0,1,0,0
Star Wars Ep. VII: The Force Awakens,2015-12-18,936662225,936662225,2015,0,1,0,0,0,0,0,0,0,0,0,0,0,0,0,0,1,0
The Finest Hours,2016-01-29,27569558,27569558,2016,0,0,0,0,0,0,0,0,0,0,0,1,0,0,0,1,0,0
Zootopia,2016-03-04,341268248,341268248,2016,0,1,0,0,0,0,0,0,0,0,0,0,0,0,0,1,0,0
The Jungle Book,2016-04-15,364001123,364001123,2016,0,1,0,0,0,0,0,0,0,0,0,0,0,0,0,1,0,0
A Beautiful Planet,2016-04-29,7895708,7895708,2016,0,0,0,0,0,1,0,0,0,0,0,0,0,1,0,0,0,0
Captain America: Civil War,2016-05-06,408084349,408084349,2016,1,0,0,0,0,0,0,0,0,0,0,0,0,0,0,0,1,0
Alice Through the Looking Glass,2016-05-27,77042381,77042381,2016,0,1,0,0,0,0,0,0,0,0,0,0,0,0,0,1,0,0
Finding Dory,2016-06-17,486295561,486295561,2016,0,1,0,0,0,0,0,0,0,0,0,0,0,0,0,1,0,0
The BFG,2016-07-01,55483770,55483770,2016,0,1,0,0,0,0,0,0,0,0,0,0,0,0,0,1,0,0
Pete’s Dragon,2016-08-12,76233151,76233151,2016,0,1,0,0,0,0,0,0,0,0,0,0,0,0,0,1,0,0
The Light Between Oceans,2016-09-02,12545979,12545979,2016,0,0,0,0,0,0,1,0,0,0,0,0,0,0,0,0,1,0
Queen of Katwe,2016-09-23,8874389,8874389,2016,0,0,0,0,0,0,1,0,0,0,0,0,0,0,0,1,0,0
Doctor Strange,2016-11-04,232532923,232532923,2016,0,1,0,0,0,0,0,0,0,0,0,0,0,0,0,0,1,0
Moana,2016-11-23,246082029,246082029,2016,0,1,0,0,0,0,0,0,0,0,0,0,0,0,0,1,0,0
Rogue One: A Star Wars Story,2016-12-16,529483936,529483936,2016,0,1,0,0,0,0,0,0,0,0,0,0,0,0,0,0,1,0
